"","Region","IncomeGroup","Year","average_POP","average_CO2","POPperMIN","CO2perMIN"
"1","East Asia & Pacific","High income",1961,19795352.7142857,3.27123379985714,0,0
"2","East Asia & Pacific","High income",1962,20101992.2857143,3.39843327414286,1.54904828347555,3.88842504290794
"3","East Asia & Pacific","High income",1963,20409289,3.58964690228571,3.10141624943732,9.73373112134255
"4","East Asia & Pacific","High income",1964,20715229,3.71386604985714,4.64693051440523,13.5310490500352
"5","East Asia & Pacific","High income",1965,21027328.4285714,3.79338576185714,6.22356030765057,15.9619273322134
"6","East Asia & Pacific","High income",1966,21317726.7142857,3.87751641142857,7.69056263847903,18.5337596963539
"7","East Asia & Pacific","High income",1967,21598853.8571429,4.15411493271429,9.11073002278768,26.9892397448235
"8","East Asia & Pacific","High income",1968,21798436,4.40786992771429,10.1189572857104,34.7464044883243
"9","East Asia & Pacific","High income",1969,22254588.4285714,4.84492251485714,12.4232982851119,48.1068860033399
"10","East Asia & Pacific","High income",1970,22580944.2857143,14.3071373751429,14.0719471465558,337.362116268414
"11","East Asia & Pacific","High income",1971,22951947.1428571,13.131422513,15.9461388444643,301.421094193067
"12","East Asia & Pacific","High income",1972,23313197,15.2096592897143,17.7710614025865,364.951765000059
"13","East Asia & Pacific","High income",1973,23586658.4285714,15.5142898968571,19.1525039690232,374.26417205443
"14","East Asia & Pacific","High income",1974,24051953.5714286,13.473968616,21.5030311335195,311.892559210791
"15","East Asia & Pacific","High income",1975,24440385.1428571,12.255849826,23.4652673059937,274.655270024882
"16","East Asia & Pacific","High income",1976,24677506.7142857,11.5634977322857,24.6631321526122,253.490408811217
"17","East Asia & Pacific","High income",1977,24952966.8571429,11.8179730992857,26.0546716054978,261.269594970614
"18","East Asia & Pacific","High income",1978,25221248.8571429,14.4115737497143,27.4099493005822,340.55468460688
"19","East Asia & Pacific","High income",1979,25504013.1428571,12.7502620748571,28.8383870243022,289.769208040525
"20","East Asia & Pacific","High income",1980,25768809.8571429,12.0123177358571,30.1760581338179,267.210614428774
"21","East Asia & Pacific","High income",1981,26048495.4285714,7.68392311342857,31.5889431450899,134.893730731326
"22","East Asia & Pacific","High income",1982,26318078,8.22208350957143,32.9507909248166,151.345027980895
"23","East Asia & Pacific","High income",1983,26568000,8.74143275857143,34.2133195779162,167.221277762328
"24","East Asia & Pacific","High income",1984,26791914.8571429,8.32053837428571,35.344468188273,154.35474452022
"25","East Asia & Pacific","High income",1985,26997359,8.85290306128571,36.382308462313,170.628869806625
"26","East Asia & Pacific","High income",1986,27208474.1428571,8.77349379357143,37.4487968745391,168.201367751659
"27","East Asia & Pacific","High income",1987,27406271.5714286,9.419787845,38.4480083128313,187.958257383235
"28","East Asia & Pacific","High income",1988,27596859,11.169924787,39.4107970608888,241.459078451922
"29","East Asia & Pacific","High income",1989,27792464.7142857,11.8532386317143,40.3989366364193,262.347644862068
"30","East Asia & Pacific","High income",1990,27973085.7142857,11.6125304782857,41.3113780695525,254.989315615192
"31","East Asia & Pacific","High income",1991,28164165.8571429,10.99679542,42.2766558578046,236.166599295967
"32","East Asia & Pacific","High income",1992,28329831.8571429,11.1803950545714,43.1135492559224,241.779149355197
"33","East Asia & Pacific","High income",1993,28495150,11.3452399955714,43.9486853873329,246.81837770406
"34","East Asia & Pacific","High income",1994,28688787.5714286,11.5081647272857,44.9268825138172,251.798906204389
"35","East Asia & Pacific","High income",1995,28893598.4285714,10.760154357,45.9615236242787,228.932598992769
"36","East Asia & Pacific","High income",1996,29105083.4285714,11.1714575802857,47.0298804404084,241.505935184871
"37","East Asia & Pacific","High income",1997,29272322.2857143,11.8273330062857,47.8747194263901,261.55572270017
"38","East Asia & Pacific","High income",1998,29428948.2857143,11.2743642328571,48.6659455402191,244.651740678074
"39","East Asia & Pacific","High income",1999,29557184.1428571,10.6888077994286,49.313753432272,226.751570000755
"40","East Asia & Pacific","High income",2000,29698277,11.0382259784286,50.026510912168,237.433110984321
"41","East Asia & Pacific","High income",2001,29857870.4285714,10.7792189077143,50.8327275574327,229.515392882802
"42","East Asia & Pacific","High income",2002,29993793.2857143,10.7050361735714,51.5193677962033,227.247663375174
"43","East Asia & Pacific","High income",2003,30104563.5714286,10.260577176,52.0789450228033,213.660771555004
"44","East Asia & Pacific","High income",2004,30195443.7142857,10.3291352037143,52.5380433989164,215.756556567903
"45","East Asia & Pacific","High income",2005,30275768.7142857,10.285454232,52.9438204575996,214.421250857984
"46","East Asia & Pacific","High income",2006,30400501,10.1795257044286,53.5739293903102,211.183068140012
"47","East Asia & Pacific","High income",2007,30516543,11.2725556854286,54.1601376871508,244.596454277308
"48","East Asia & Pacific","High income",2008,30686165.1428571,11.9744633618571,55.0170162955058,266.053424930376
"49","East Asia & Pacific","High income",2009,30813325.7142857,11.2315177338571,55.6593921766732,243.341944386477
"50","East Asia & Pacific","High income",2010,30928022.2857143,11.4823170878571,56.2388037844583,251.008756645844
"51","East Asia & Pacific","High income",2011,31020423.2857143,11.9089889378571,56.7055850605166,264.051904158523
"52","East Asia & Pacific","High income",2012,31118856,12.3022769904286,57.2028366917779,276.07452548839
"53","East Asia & Pacific","High income",2013,31203674.8571429,11.4728704194286,57.6313153269762,250.71997666231
"54","East Asia & Pacific","Lower middle income",1961,55788130,0.2048265335,0,18.980316205344
"55","East Asia & Pacific","Lower middle income",1962,57228012.5,0.1900345095,2.58098362501127,10.3878762379066
"56","East Asia & Pacific","Lower middle income",1963,58713783.5,0.1787666705,5.24422220282343,3.84257654327063
"57","East Asia & Pacific","Lower middle income",1964,60252885,0.1772197565,8.0030554886855,2.94400000771413
"58","East Asia & Pacific","Lower middle income",1965,61850019.5,0.181387367,10.8659126950482,5.36489541924885
"59","East Asia & Pacific","Lower middle income",1966,63505766,0.172151613,13.8338316770969,0
"60","East Asia & Pacific","Lower middle income",1967,65215975.5,0.1897476615,16.8993753689181,10.2212510201691
"61","East Asia & Pacific","Lower middle income",1968,66974840,0.185052534,20.0521329537305,7.49392978385861
"62","East Asia & Pacific","Lower middle income",1969,68774367,0.2117857465,23.2777779072358,23.0228069370457
"63","East Asia & Pacific","Lower middle income",1970,70608105.5,0.243475978,26.5647468377234,41.4311337297781
"64","East Asia & Pacific","Lower middle income",1971,72473491.5,0.259750453,29.9084437854432,50.884704751503
"65","East Asia & Pacific","Lower middle income",1972,74369828.5,0.2674990555,33.3076202769299,55.3857386744323
"66","East Asia & Pacific","Lower middle income",1973,76294819.5,0.2702411685,36.758158948866,56.9785863696787
"67","East Asia & Pacific","Lower middle income",1974,78246482.5,0.2816120935,40.2565070741751,63.5837670019392
"68","East Asia & Pacific","Lower middle income",1975,80223041,0.2835746775,43.7994802837091,64.723799305906
"69","East Asia & Pacific","Lower middle income",1976,82219362,0.3111227445,47.3778776954883,80.7260118439901
"70","East Asia & Pacific","Lower middle income",1977,84233221,0.383215975,50.9877119021555,122.603766715796
"71","East Asia & Pacific","Lower middle income",1978,86269043,0.4147724495,54.636914698521,140.934396298686
"72","East Asia & Pacific","Lower middle income",1979,88333703,0.408272621,58.3378094946004,137.158754359159
"73","East Asia & Pacific","Lower middle income",1980,90430038.5,0.4041269405,62.0954824978002,134.750597718768
"74","East Asia & Pacific","Lower middle income",1981,92558985,0.414304466,65.9116105881305,140.662552490868
"75","East Asia & Pacific","Lower middle income",1982,94712080,0.4212931855,69.771024768172,144.722183056165
"76","East Asia & Pacific","Lower middle income",1983,96871143,0.412943183,73.6411365643552,139.871805906344
"77","East Asia & Pacific","Lower middle income",1984,99012235.5,0.437295144,77.4790363111293,154.017453789411
"78","East Asia & Pacific","Lower middle income",1985,101117246,0.457526364,81.2522592171489,165.769431971573
"79","East Asia & Pacific","Lower middle income",1986,103179678.5,0.4509180865,84.9491612283832,161.930793817192
"80","East Asia & Pacific","Lower middle income",1987,105201079,0.423542689,88.5725135436517,146.028882111026
"81","East Asia & Pacific","Lower middle income",1988,107181529,0.429914395,92.1224622513786,149.730099827761
"82","East Asia & Pacific","Lower middle income",1989,109124042.5,0.423166696,95.6044099345147,145.810474049988
"83","East Asia & Pacific","Lower middle income",1990,111031535.5,0.464793478,99.0235835114029,169.990777257486
"84","East Asia & Pacific","Lower middle income",1991,112903067.5,0.5375138915,102.378297139553,212.232852270748
"85","East Asia & Pacific","Lower middle income",1992,114738775.5,0.598031687,105.668796390917,247.386630063118
"86","East Asia & Pacific","Lower middle income",1993,116544650.5,0.635903655,108.905820109045,269.385824459281
"87","East Asia & Pacific","Lower middle income",1994,118328747.5,0.643918654,112.103806849235,274.041603664788
"88","East Asia & Pacific","Lower middle income",1995,120097820.5,0.651523468,115.274863129487,278.45911324688
"89","East Asia & Pacific","Lower middle income",1996,121854070.5,0.71635154,118.422934233501,316.116658750098
"90","East Asia & Pacific","Lower middle income",1997,123598995,0.771442002,121.550704424041,348.117789056092
"91","East Asia & Pacific","Lower middle income",1998,125337739.5,0.6007658405,124.667396989288,248.974854217602
"92","East Asia & Pacific","Lower middle income",1999,127075995.5,0.678476625,127.783213920237,294.1157524908
"93","East Asia & Pacific","Lower middle income",2000,128817945.5,0.7320449945,130.905652331419,325.232724656492
"94","East Asia & Pacific","Lower middle income",2001,130567248,0.7809559055,134.041270069457,353.644256879545
"95","East Asia & Pacific","Lower middle income",2002,132324139.5,0.802781239,137.190491059657,366.322228999388
"96","East Asia & Pacific","Lower middle income",2003,134085054,0.8215714385,140.346923261274,377.237142413531
"97","East Asia & Pacific","Lower middle income",2004,135844178,0.884279645,143.500145998799,413.663293413347
"98","East Asia & Pacific","Lower middle income",2005,137597672,0.873857621,146.643276983831,407.609313541547
"99","East Asia & Pacific","Lower middle income",2006,139342338,0.8823144395,149.770583814155,412.521738323765
"100","East Asia & Pacific","Lower middle income",2007,141080363.5,0.9368451445,152.885987574776,444.19771512684
"101","East Asia & Pacific","Lower middle income",2008,142819514,0.980997086,156.0034078934,469.844841360853
"102","East Asia & Pacific","Lower middle income",2009,144570584,1.035301459,159.142193868122,501.389345681007
"103","East Asia & Pacific","Lower middle income",2010,146340009.5,1.00871964,162.313882003215,485.948410486285
"104","East Asia & Pacific","Lower middle income",2011,148130271,1.30820491,165.522918585011,659.914407540289
"105","East Asia & Pacific","Lower middle income",2012,149934873,1.3312927205,168.757660455728,673.325731487628
"106","East Asia & Pacific","Lower middle income",2013,151740229.5,1.073486179,171.993754764678,523.570212496354
"107","East Asia & Pacific","Upper middle income",1961,172268369.75,0.390203946,0,1.29247495111846
"108","East Asia & Pacific","Upper middle income",1962,173847099.75,0.38522500925,0.916436373253604,0
"109","East Asia & Pacific","Upper middle income",1963,178214452.5,0.39118335025,3.45163929897816,1.54671707623564
"110","East Asia & Pacific","Upper middle income",1964,182452534,0.50507613675,5.91180160628413,31.1119799135938
"111","East Asia & Pacific","Upper middle income",1965,186899686.75,0.46840371325,8.49332760345578,21.5922388221735
"112","East Asia & Pacific","Upper middle income",1966,192199027,0.4684683335,11.5695395962264,21.6090134989075
"113","East Asia & Pacific","Upper middle income",1967,197237652.5,0.46366758375,14.4944093835891,20.3627938520194
"114","East Asia & Pacific","Upper middle income",1968,202484335.75,0.52602783875,17.5400545345905,36.5508017701476
"115","East Asia & Pacific","Upper middle income",1969,208125495,0.5473445685,20.8146889077993,42.0843806495411
"116","East Asia & Pacific","Upper middle income",1970,213965904.5,0.641260383,24.204985982344,66.4638503737021
"117","East Asia & Pacific","Upper middle income",1971,219936741.25,0.70901849125,27.6709947213046,84.0530791680421
"118","East Asia & Pacific","Upper middle income",1972,225445532.25,0.7389994405,30.8687906997506,91.8357901888998
"119","East Asia & Pacific","Upper middle income",1973,230701990.5,0.7729067965,33.9201101367594,100.637751428648
"120","East Asia & Pacific","Upper middle income",1974,235581286.25,0.77290446125,36.752490658547,100.637145224496
"121","East Asia & Pacific","Upper middle income",1975,239864484,0.823844714,39.2388424805419,113.860651364239
"122","East Asia & Pacific","Upper middle income",1976,243702937.75,0.77132125,41.4670250282554,100.226161718237
"123","East Asia & Pacific","Upper middle income",1977,247155629,0.98009590475,43.4712764500402,154.421670767992
"124","East Asia & Pacific","Upper middle income",1978,250587947,1.03980058825,45.4637014117329,169.92032274187
"125","East Asia & Pacific","Upper middle income",1979,254048401.25,1.07533141775,47.4724591744156,179.143719106809
"126","East Asia & Pacific","Upper middle income",1980,257352783.75,1.05783984875,49.3906189066957,174.603108144386
"127","East Asia & Pacific","Upper middle income",1981,260757471.5,1.1414428025,51.3670047951446,196.305477342266
"128","East Asia & Pacific","Upper middle income",1982,264680790.25,1.0787828975,53.6444505942159,180.039683716355
"129","East Asia & Pacific","Upper middle income",1983,268584993.5,1.058997067,55.910800044011,174.903508747206
"130","East Asia & Pacific","Upper middle income",1984,272198182.75,1.0490384045,58.0082188883662,172.318354029607
"131","East Asia & Pacific","Upper middle income",1985,275988290.25,1.0826965805,60.2083369399274,181.055630995484
"132","East Asia & Pacific","Upper middle income",1986,280166401.75,1.1067986495,62.633687284894,187.312252040656
"133","East Asia & Pacific","Upper middle income",1987,284720536.5,1.115039414,65.2773152222856,189.451460114411
"134","East Asia & Pacific","Upper middle income",1988,289356668,1.210317315,67.9685414216907,214.184511892513
"135","East Asia & Pacific","Upper middle income",1989,293832932,1.29611010075,70.566966197229,236.455336395063
"136","East Asia & Pacific","Upper middle income",1990,298164828.75,1.41509064,73.0815872830886,267.341321570752
"137","East Asia & Pacific","Upper middle income",1991,302234487.5,1.41646547925,75.4439819327308,267.698214092521
"138","East Asia & Pacific","Upper middle income",1992,305929494.75,1.48942456675,77.5888952765805,286.637557527685
"139","East Asia & Pacific","Upper middle income",1993,309431781,1.5903561395,79.621936080927,312.838237734431
"140","East Asia & Pacific","Upper middle income",1994,312917780.25,1.67837760625,81.6455224508793,335.687602297072
"141","East Asia & Pacific","Upper middle income",1995,316323111.25,1.84027256125,83.6222817392744,377.71367825595
"142","East Asia & Pacific","Upper middle income",1996,319664307.75,1.93807185175,85.5618116163197,403.101253868034
"143","East Asia & Pacific","Upper middle income",1997,322975891,1.89287021325,87.4841513092104,391.367426256996
"144","East Asia & Pacific","Upper middle income",1998,326126394.75,1.746934211,89.3129860248184,353.484111636763
"145","East Asia & Pacific","Upper middle income",1999,329005475,1.8182841755,90.984262216831,372.005745172164
"146","East Asia & Pacific","Upper middle income",2000,331647213.5,1.86023397825,92.5177639872569,382.895433469316
"147","East Asia & Pacific","Upper middle income",2001,334095776.5,1.997078437,93.9391293856486,418.418687532292
"148","East Asia & Pacific","Upper middle income",2002,336366359.25,1.9928576025,95.2571790968609,417.323007241903
"149","East Asia & Pacific","Upper middle income",2003,338487310.5,2.22313909225,96.4883692759274,477.101444316469
"150","East Asia & Pacific","Upper middle income",2004,340518591.5,2.52711697325,97.6675068059033,556.010620434556
"151","East Asia & Pacific","Upper middle income",2005,342536804,2.70524101875,98.8390582073178,602.249582397797
"152","East Asia & Pacific","Upper middle income",2006,344463167.25,2.8458010495,99.957292072766,638.737356393483
"153","East Asia & Pacific","Upper middle income",2007,346274428.25,2.86927547125,101.008710277181,644.831047401682
"154","East Asia & Pacific","Upper middle income",2008,348056906.5,2.72226224275,102.043420394068,606.668097185593
"155","East Asia & Pacific","Upper middle income",2009,349794665,3.0225085465,103.0521711604,684.608598591396
"156","East Asia & Pacific","Upper middle income",2010,351489990.75,3.452589281,104.03629015593,796.252631084855
"157","East Asia & Pacific","Upper middle income",2011,353178720.25,3.65507623475,105.016580096823,848.815924974892
"158","East Asia & Pacific","Upper middle income",2012,354900442.25,3.770293193,106.016021841409,878.72492763137
"159","East Asia & Pacific","Upper middle income",2013,356648384.25,3.797791929,107.030684023757,885.863284524017
"160","Europe & Central Asia","High income",1961,16377684.1818182,3.55154294336364,0,0
"161","Europe & Central Asia","High income",1962,16533364.3636364,3.80002671327273,0.950562851804237,6.99650191118777
"162","Europe & Central Asia","High income",1963,16687480.7272727,4.11462111254545,1.89157723409068,15.854466021141
"163","Europe & Central Asia","High income",1964,16844157.9090909,4.38046461490909,2.84822763764481,23.3397620348183
"164","Europe & Central Asia","High income",1965,16996437.8181818,4.54635292245455,3.77802886839489,28.0106419929343
"165","Europe & Central Asia","High income",1966,17136058.4545455,4.87580507,4.63053423370556,37.2869523965875
"166","Europe & Central Asia","High income",1967,17272740.2727273,4.98836748181818,5.46509555913128,40.4563470403582
"167","Europe & Central Asia","High income",1968,17400023.8181818,5.420490846,6.24227225909384,52.6235479181986
"168","Europe & Central Asia","High income",1969,17508853.8181818,5.78645703681818,6.90677402131989,62.9279760682797
"169","Europe & Central Asia","High income",1970,17624573.0909091,6.28981472718182,7.61334078278999,77.10090592977
"170","Europe & Central Asia","High income",1971,17751958.0909091,6.43738648845455,8.39113695095286,81.2560509928046
"171","Europe & Central Asia","High income",1972,17887609.3636364,6.84835732845455,9.21940590046568,92.8276649801262
"172","Europe & Central Asia","High income",1973,18026608.5454545,7.27201023272727,10.0681167455099,104.756365013568
"173","Europe & Central Asia","High income",1974,18168860.7272727,6.96922761518182,10.9366899835755,96.2309825988285
"174","Europe & Central Asia","High income",1975,18325446,6.73853494381818,11.8927792022278,89.735420668634
"175","Europe & Central Asia","High income",1976,18465874.6363636,7.33504726627273,12.7502181099796,106.531284662597
"176","Europe & Central Asia","High income",1977,18578040.9090909,7.22082814636364,13.4350907176209,103.315242459798
"177","Europe & Central Asia","High income",1978,18680973.4545455,7.30821797354545,14.063583392848,105.775858270319
"178","Europe & Central Asia","High income",1979,18777183.6363636,7.785015725,14.6510301939347,119.200945874721
"179","Europe & Central Asia","High income",1980,18869286.5454545,7.50230912090909,15.2133985243313,111.240839278821
"180","Europe & Central Asia","High income",1981,18955036.3636364,7.12459345027273,15.7369757116177,100.605583654441
"181","Europe & Central Asia","High income",1982,19027827.1818182,6.62571010963636,16.1814269378944,86.5586370570874
"182","Europe & Central Asia","High income",1983,19092259.2727273,6.52723857636364,16.5748408674451,83.7859961276927
"183","Europe & Central Asia","High income",1984,19154916.0909091,6.55750457518182,16.9574152136483,84.6381890844113
"184","Europe & Central Asia","High income",1985,19215196.3636364,6.79134804127273,17.3254786837828,91.2224672367526
"185","Europe & Central Asia","High income",1986,19272318.4545455,6.86625071472727,17.6742587083269,93.3314850537695
"186","Europe & Central Asia","High income",1987,19330268.1818182,7.16607486227273,18.0280921723832,101.773566490676
"187","Europe & Central Asia","High income",1988,19389010.4545455,6.99359655363636,18.3867648154451,96.917133346353
"188","Europe & Central Asia","High income",1989,19451327.9090909,7.34428362681818,18.7672670516199,106.791350799843
"189","Europe & Central Asia","High income",1990,19521326.7272727,7.28010293818182,19.1946706906492,104.984229510312
"190","Europe & Central Asia","High income",1991,19576139.9090909,7.45360433027273,19.5293528179248,109.86946938655
"191","Europe & Central Asia","High income",1992,19659228.7272727,7.28278745218182,20.0366822868497,105.059816770351
"192","Europe & Central Asia","High income",1993,19736450.9090909,7.28514181427273,20.5081908405676,105.126108016958
"193","Europe & Central Asia","High income",1994,19803607.1818182,7.47484516354545,20.9182382684074,110.467542776382
"194","Europe & Central Asia","High income",1995,19864074.5454545,7.50522206218182,21.2874440911909,111.322858314468
"195","Europe & Central Asia","High income",1996,19921999.5454545,7.82731062536364,21.6411265737504,120.391833920793
"196","Europe & Central Asia","High income",1997,19982981.1818182,7.77122123736364,22.013472478621,118.812537572855
"197","Europe & Central Asia","High income",1998,20046101.7272727,7.96275293454545,22.3988782829691,124.205452715264
"198","Europe & Central Asia","High income",1999,20117093.5454545,7.94503393663636,22.8323450502709,123.706542855756
"199","Europe & Central Asia","High income",2000,20204730.2727273,7.97284812,23.3674434579568,124.489700593314
"200","Europe & Central Asia","High income",2001,20309614.8181818,8.17690526745455,24.0078547901705,130.235292036488
"201","Europe & Central Asia","High income",2002,20443894.5454545,8.36794921281818,24.8277492623194,135.614473660087
"202","Europe & Central Asia","High income",2003,20603697.7272727,8.54619330754545,25.8034866134865,140.633252753279
"203","Europe & Central Asia","High income",2004,20773385.5454545,8.52057066809091,26.8395782629408,139.911801827212
"204","Europe & Central Asia","High income",2005,20936688.7272727,8.26380296109091,27.8366861568607,132.682050952883
"205","Europe & Central Asia","High income",2006,21089630.8181818,8.26372024645454,28.7705305832838,132.679721975375
"206","Europe & Central Asia","High income",2007,21259038.9090909,8.20695444654545,29.804914254555,131.081380048659
"207","Europe & Central Asia","High income",2008,21423916.0909091,7.88058597763636,30.8116327868443,121.891896094398
"208","Europe & Central Asia","High income",2009,21544106.0909091,7.31981709772727,31.5454972249767,106.102452214607
"209","Europe & Central Asia","High income",2010,21633573.1818182,7.45689408790909,32.0917715939038,109.962098356235
"210","Europe & Central Asia","High income",2011,21704655.6363636,7.078571784,32.525791775001,99.3097618945287
"211","Europe & Central Asia","High income",2012,21761152.1818182,6.71778343063636,32.8707523007221,89.1511249551162
"212","Europe & Central Asia","High income",2013,21849128.8181818,6.36310626054545,33.4079261489106,79.1645592357391
"213","Europe & Central Asia","Upper middle income",1961,13249184,3.137905834,0,0
"214","Europe & Central Asia","Upper middle income",1962,13344748,3.6280888425,0.721282155942582,15.6213422081932
"215","Europe & Central Asia","Upper middle income",1963,13437997.5,3.9793037475,1.42509531153012,26.8139950021203
"216","Europe & Central Asia","Upper middle income",1964,13531733,4.5373753925,2.13257661754866,44.5988386055564
"217","Europe & Central Asia","Upper middle income",1965,13617872,4.891050799,2.7827223170876,55.8699036154697
"218","Europe & Central Asia","Upper middle income",1966,13736753.5,5.143229613,3.67999644355457,63.906435855143
"219","Europe & Central Asia","Upper middle income",1967,13922234,5.677343858,5.07993548885728,80.9277957446827
"220","Europe & Central Asia","Upper middle income",1968,14084717,6.0861735945,6.30629780671776,93.9565403319238
"221","Europe & Central Asia","Upper middle income",1969,14221656.5,6.7249199845,7.33986711936372,114.312357994743
"222","Europe & Central Asia","Upper middle income",1970,14369986,6.572396737,8.45940399046463,109.45168799479
"223","Europe & Central Asia","Upper middle income",1971,14498981,6.8410515495,9.43301111977915,118.013283744065
"224","Europe & Central Asia","Upper middle income",1972,14617078.5,7.062954201,10.3243679006949,125.084963496072
"225","Europe & Central Asia","Upper middle income",1973,14728324,7.470427356,11.1640082891143,138.070476017988
"226","Europe & Central Asia","Upper middle income",1974,14854087,7.694371541,12.1132214632992,145.20721615128
"227","Europe & Central Asia","Upper middle income",1975,15007162.5,7.998946102,13.2685794083621,154.913516375457
"228","Europe & Central Asia","Upper middle income",1976,15155116.5,8.228550874,14.3852821426588,162.230650290445
"229","Europe & Central Asia","Upper middle income",1977,15280139.5,8.414373183,15.3289100672162,168.152507695679
"230","Europe & Central Asia","Upper middle income",1978,15382748,9.034909285,16.1033615353217,187.927992838551
"231","Europe & Central Asia","Upper middle income",1979,15458214,8.922050578,16.6729513304366,184.331367797189
"232","Europe & Central Asia","Upper middle income",1980,15552094,8.791942949,17.3815232696595,180.185047420387
"233","Europe & Central Asia","Upper middle income",1981,15653143,8.938295734,18.1442042015569,184.84907472848
"234","Europe & Central Asia","Upper middle income",1982,15716423,9.4011929225,18.62181852105,199.600861843453
"235","Europe & Central Asia","Upper middle income",1983,15764264,9.4936026045,18.9829049094646,202.545809425969
"236","Europe & Central Asia","Upper middle income",1984,15808309.5,9.0520796555,19.3153442506346,188.475184864327
"237","Europe & Central Asia","Upper middle income",1985,15857987,9.26666243,19.6902918700503,195.313591937444
"238","Europe & Central Asia","Upper middle income",1986,15908720,9.530205225,20.0732060178197,203.712275930585
"239","Europe & Central Asia","Upper middle income",1987,15960394.5,9.729519192,20.4632262635948,210.064090725037
"240","Europe & Central Asia","Upper middle income",1988,16019554,9.473455792,20.9097405545881,201.903762992271
"241","Europe & Central Asia","Upper middle income",1989,16019215,9.5084357455,20.907181906448,203.018517715659
"242","Europe & Central Asia","Upper middle income",1990,15960062,7.7685865045,20.4607166750798,147.572327388713
"243","Europe & Central Asia","Upper middle income",1991,15816761,6.3593495185,19.3791330847243,102.662216615771
"244","Europe & Central Asia","Upper middle income",1992,15667224,5.892186071,18.2504824448056,87.7744707045279
"245","Europe & Central Asia","Upper middle income",1993,15617796.5,6.6688508125,17.8774217340479,112.525523877783
"246","Europe & Central Asia","Upper middle income",1994,15586901,5.7569229905,17.6442337882846,83.4638544000362
"247","Europe & Central Asia","Upper middle income",1995,15545168.5,6.251705566,17.3292521260177,99.2317773931007
"248","Europe & Central Asia","Upper middle income",1996,15490915,6.1821678595,16.9197665305275,97.0157227955873
"249","Europe & Central Asia","Upper middle income",1997,15433023,5.642106259,16.4828188664298,79.804830274585
"250","Europe & Central Asia","Upper middle income",1998,15382065,5.238250097,16.0982065008683,66.9345854882655
"251","Europe & Central Asia","Upper middle income",1999,15341332,4.6728333935,15.7907686994158,48.9156667121325
"252","Europe & Central Asia","Upper middle income",2000,15306571.5,4.6842764985,15.528409145801,49.2803400199166
"253","Europe & Central Asia","Upper middle income",2001,15070556,5.0831372265,13.7470503843859,61.9913883782913
"254","Europe & Central Asia","Upper middle income",2002,14783828.5,5.0849924135,11.5829359755288,62.0505101970501
"255","Europe & Central Asia","Upper middle income",2003,14674826.5,5.3843791855,10.7602287054056,71.5914839495468
"256","Europe & Central Asia","Upper middle income",2004,14584304,5.291099651,10.0769979494586,68.6188155702317
"257","Europe & Central Asia","Upper middle income",2005,14489328.5,5.3902937695,9.3601575764968,71.7799722061385
"258","Europe & Central Asia","Upper middle income",2006,14397391,5.660901475,8.666246917546,80.403803506871
"259","Europe & Central Asia","Upper middle income",2007,14214160,5.8959725755,7.28328627634729,87.895140498343
"260","Europe & Central Asia","Upper middle income",2008,14015218,5.715026102,5.7817447474501,82.1286681096753
"261","Europe & Central Asia","Upper middle income",2009,13905965,4.8629811245,4.95714302103436,54.9753683430642
"262","Europe & Central Asia","Upper middle income",2010,13821235,4.9407258565,4.31763193869148,57.4529676119019
"263","Europe & Central Asia","Upper middle income",2011,13747928,5.4637218705,3.76433748674636,74.1200074042758
"264","Europe & Central Asia","Upper middle income",2012,13681961.5,5.108179279,3.26644644681513,62.7894382186869
"265","Europe & Central Asia","Upper middle income",2013,13624404,4.492678078,2.83202346650178,43.1744072534205
"266","Latin America & Caribbean","Low income",1961,3943364,0.075323252,0,92.2550001881118
"267","Latin America & Caribbean","Low income",1962,4022593,0.075662887,2.00917287879079,93.1218842545205
"268","Latin America & Caribbean","Low income",1963,4103730,0.060763257,4.06673084199176,55.0920821364071
"269","Latin America & Caribbean","Low income",1964,4186640,0.071822273,6.16925041664933,83.3191045591821
"270","Latin America & Caribbean","Low income",1965,4271133,0.071260015,8.31191338156965,81.8839977491924
"271","Latin America & Caribbean","Low income",1966,4357484,0.069847876,10.5016934779544,78.2796554444996
"272","Latin America & Caribbean","Low income",1967,4445530,0.05856602,12.7344571792003,49.4838564075401
"273","Latin America & Caribbean","Low income",1968,4534234,0.058229019,14.9839071412124,48.6236953603459
"274","Latin America & Caribbean","Low income",1969,4622208,0.068227566,17.2148449902165,74.1439776679373
"275","Latin America & Caribbean","Low income",1970,4708642,0.081771984,19.4067298884911,108.714737904602
"276","Latin America & Caribbean","Low income",1971,4793155,0.084155426,21.5499000345898,114.798233106832
"277","Latin America & Caribbean","Low income",1972,4876560,0.080460201,23.6649723434103,105.366544163421
"278","Latin America & Caribbean","Low income",1973,4960657,0.085009909,25.7975931210003,116.979214742167
"279","Latin America & Caribbean","Low income",1974,5047944,0.093710033,28.0111092965296,139.185403360478
"280","Latin America & Caribbean","Low income",1975,5140357,0.094165444,30.3546160080581,140.347793984434
"281","Latin America & Caribbean","Low income",1976,5238245,0.128808026,32.8369635671473,228.769488907095
"282","Latin America & Caribbean","Low income",1977,5341419,0.132498686,35.453359111662,238.18952614864
"283","Latin America & Caribbean","Low income",1978,5450549,0.138591911,38.2207932110756,253.741868120295
"284","Latin America & Caribbean","Low income",1979,5566266,0.135710726,41.1552674315635,246.387934135648
"285","Latin America & Caribbean","Low income",1980,5688836,0.132142146,44.2635272827971,237.279493775541
"286","Latin America & Caribbean","Low income",1981,5818671,0.131714441,47.5560206970495,236.187819920893
"287","Latin America & Caribbean","Low income",1982,5955267,0.138545425,51.0199667086275,253.623217295996
"288","Latin America & Caribbean","Low income",1983,6096692,0.146759587,54.6063716157068,274.58903694562
"289","Latin America & Caribbean","Low income",1984,6240329,0.146319689,58.2488707611065,273.466241688814
"290","Latin America & Caribbean","Low income",1985,6384195,0.147617515,61.8971771309978,276.778811595835
"291","Latin America & Caribbean","Low income",1986,6527543,0.129207881,65.532347508371,229.790078446965
"292","Latin America & Caribbean","Low income",1987,6670568,0.136882346,69.1593269097147,249.378375962567
"293","Latin America & Caribbean","Low income",1988,6813348,0.150160098,72.7800933416241,283.268498142338
"294","Latin America & Caribbean","Low income",1989,6956300,0.149182899,76.4052215316669,280.774296299741
"295","Latin America & Caribbean","Low income",1990,7099732,0.139971058,80.042522069989,257.262001674068
"296","Latin America & Caribbean","Low income",1991,7243391,0.137701251,83.6855791146848,251.468548342924
"297","Latin America & Caribbean","Low income",1992,7386975,0.123110746,87.326734229962,214.22775659485
"298","Latin America & Caribbean","Low income",1993,7530705,0.088136104,90.9715917678409,124.958512028921
"299","Latin America & Caribbean","Low income",1994,7674911,0.039178826,94.6285202177633,0
"300","Latin America & Caribbean","Low income",1995,7819806,0.115358616,98.3029210592783,194.441227003586
"301","Latin America & Caribbean","Low income",1996,7965553,0.129820742,101.998927818989,231.354344308326
"302","Latin America & Caribbean","Low income",1997,8111951,0.168614307,105.711443326054,330.371004480839
"303","Latin America & Caribbean","Low income",1998,8258483,0.149193502,109.427356947013,280.801359387338
"304","Latin America & Caribbean","Low income",1999,8404398,0.15838386,113.127624028621,304.258820823268
"305","Latin America & Caribbean","Low income",2000,8549200,0.159990525,116.799666477657,308.359671114188
"306","Latin America & Caribbean","Low income",2001,8692567,0.1805538,120.43531867715,360.845355601007
"307","Latin America & Caribbean","Low income",2002,8834733,0.206703021,124.040514646885,427.588603599301
"308","Latin America & Caribbean","Low income",2003,8976552,0.193224637,127.636911023177,393.186388484433
"309","Latin America & Caribbean","Low income",2004,9119178,0.217948811,131.253772160014,456.292347810524
"310","Latin America & Caribbean","Low income",2005,9263404,0.224056081,134.911207791114,471.88053822746
"311","Latin America & Caribbean","Low income",2006,9409457,0.22447544,138.614974422853,472.950909759266
"312","Latin America & Caribbean","Low income",2007,9556889,0.25017388,142.353711196836,538.543584741411
"313","Latin America & Caribbean","Low income",2008,9705029,0.247110854,146.110402184531,530.725519953048
"314","Latin America & Caribbean","Low income",2009,9852870,0.230376834,149.85951081361,488.013622460254
"315","Latin America & Caribbean","Low income",2010,9999617,0.212694146,153.580876632236,442.880345623424
"316","Latin America & Caribbean","Low income",2011,10145054,0.218681438,157.269022083683,458.162304301819
"317","Latin America & Caribbean","Low income",2012,10289210,0.225240227,160.92468258066,474.902951405435
"318","Latin America & Caribbean","Low income",2013,10431776,0.23059851,164.540022173961,488.579428081893
"319","Latin America & Caribbean","Upper middle income",1961,7697963.75,1.35376137425,0,0.479516697370186
"320","Latin America & Caribbean","Upper middle income",1962,7843260.5,1.4498373435,1.88746991696342,7.61051270604243
"321","Latin America & Caribbean","Upper middle income",1963,7990881.75,1.34730084175,3.80513613096709,0
"322","Latin America & Caribbean","Upper middle income",1964,8138598,1.44673958375,5.72403643755792,7.38058931744152
"323","Latin America & Caribbean","Upper middle income",1965,8284892.5,1.54374324325,7.62446757429847,14.580440790406
"324","Latin America & Caribbean","Upper middle income",1966,8428792,1.623599739,9.49378658739461,20.5075873693597
"325","Latin America & Caribbean","Upper middle income",1967,8571064.5,1.62484157475,11.3419701411299,20.5997594894622
"326","Latin America & Caribbean","Upper middle income",1968,8714032.75,1.71957123425,13.1991917992599,27.6308290594149
"327","Latin America & Caribbean","Upper middle income",1969,8860992.5,1.83014813375,15.1082648317225,35.8381199682792
"328","Latin America & Caribbean","Upper middle income",1970,9014086.5,1.9301493975,17.0970245215821,43.260461040976
"329","Latin America & Caribbean","Upper middle income",1971,9174468.75,2.082939556,19.1804618461603,54.6009244152541
"330","Latin America & Caribbean","Upper middle income",1972,9340782.75,2.14769102425,21.3409552623575,59.4069385023451
"331","Latin America & Caribbean","Upper middle income",1973,9509609.75,2.289435796,23.5340936750969,69.9275859596634
"332","Latin America & Caribbean","Upper middle income",1974,9676143,2.2241866305,25.6974352470808,65.0846315520013
"333","Latin America & Caribbean","Upper middle income",1975,9837007.25,2.3951592705,27.7871339677327,77.7746436637673
"334","Latin America & Caribbean","Upper middle income",1976,9991093.25,2.40179598525,29.7887801822917,78.2672370433855
"335","Latin America & Caribbean","Upper middle income",1977,10139715,2.467332341,31.7194433398053,83.1315074215495
"336","Latin America & Caribbean","Upper middle income",1978,10284950.5,2.4301450685,33.6061175918112,80.3713761021259
"337","Latin America & Caribbean","Upper middle income",1979,10429979.25,2.5242122705,35.4901060686341,87.3532764383431
"338","Latin America & Caribbean","Upper middle income",1980,10577238.25,2.41798421825,37.4030664927462,79.4687677259443
"339","Latin America & Caribbean","Upper middle income",1981,10726942.75,2.3636522575,39.3477950581412,75.4361152502412
"340","Latin America & Caribbean","Upper middle income",1982,10878655.5,2.36596292775,41.318611691306,75.6076189098841
"341","Latin America & Caribbean","Upper middle income",1983,11033335,2.2815682645,43.3279677369226,69.3436383173699
"342","Latin America & Caribbean","Upper middle income",1984,11192038.25,2.22391573125,45.3895940988291,65.0645247398028
"343","Latin America & Caribbean","Upper middle income",1985,11355320.25,2.139011513,47.5107004758239,58.7627237151914
"344","Latin America & Caribbean","Upper middle income",1986,11523722.75,2.2058241805,49.6983244432659,63.7217251074281
"345","Latin America & Caribbean","Upper middle income",1987,11696645.75,2.32906792325,51.9446717321837,72.8691804441234
"346","Latin America & Caribbean","Upper middle income",1988,11872060,2.372369056,54.2233814753934,76.0830975892917
"347","Latin America & Caribbean","Upper middle income",1989,12047129,2.266270447,56.4976062663324,68.2081964749875
"348","Latin America & Caribbean","Upper middle income",1990,12219706,2.170247209,58.7394588601434,61.0811143100809
"349","Latin America & Caribbean","Upper middle income",1991,12389083.25,2.16083439925,60.9397452670519,60.3824722950004
"350","Latin America & Caribbean","Upper middle income",1992,12555499.5,2.3362870445,63.1015669565864,73.4050014743116
"351","Latin America & Caribbean","Upper middle income",1993,12718925,2.2203164035,65.2245374629102,64.7973737339944
"352","Latin America & Caribbean","Upper middle income",1994,12879643.25,2.423928813,67.3123395781125,79.9099902477293
"353","Latin America & Caribbean","Upper middle income",1995,13037878.25,2.122371103,69.3678831626091,57.5276313375761
"354","Latin America & Caribbean","Upper middle income",1996,13193442.5,2.31208217525,71.3887325073465,71.6084562262169
"355","Latin America & Caribbean","Upper middle income",1997,13346154.5,2.355537868,73.3725298459609,74.8338451967719
"356","Latin America & Caribbean","Upper middle income",1998,13496347,2.38146195875,75.3235977501193,76.7579953157853
"357","Latin America & Caribbean","Upper middle income",1999,13644498,2.40842792975,77.2481456541024,78.759476363253
"358","Latin America & Caribbean","Upper middle income",2000,13790994.5,2.37004374875,79.1512008613966,75.9105075353153
"359","Latin America & Caribbean","Upper middle income",2001,13936133.25,2.38833383525,81.0366182875309,77.2680429819824
"360","Latin America & Caribbean","Upper middle income",2002,14079959.25,2.25958365575,82.9049825026781,67.7118862937132
"361","Latin America & Caribbean","Upper middle income",2003,14222352.25,2.32884556675,84.7547314054317,72.8526765948634
"362","Latin America & Caribbean","Upper middle income",2004,14363054,2.429775444,86.5825102125221,80.3439416577504
"363","Latin America & Caribbean","Upper middle income",2005,14502011.75,2.52905998475,88.3876336778021,87.7130857771172
"364","Latin America & Caribbean","Upper middle income",2006,14638955.5,2.6704233705,90.1665943802346,98.205425822447
"365","Latin America & Caribbean","Upper middle income",2007,14774296.75,2.67404593775,91.9247378892892,98.4743017214106
"366","Latin America & Caribbean","Upper middle income",2008,14909479.75,2.82681576775,93.6808256599026,109.813256264152
"367","Latin America & Caribbean","Upper middle income",2009,15046414.25,2.80384406875,95.4596662006885,108.108239961322
"368","Latin America & Caribbean","Upper middle income",2010,15186360.5,3.031278108,97.277630724099,124.98895673981
"369","Latin America & Caribbean","Upper middle income",2011,15329946.5,3.04402619475,99.1428772316575,125.935151261105
"370","Latin America & Caribbean","Upper middle income",2012,15476486.25,3.02191091,101.04649427584,124.2937001416
"371","Latin America & Caribbean","Upper middle income",2013,15624238.75,3.05683772725,102.965865486181,126.88605488285
"372","Middle East & North Africa","High income",1961,2272064.5,0.8742708435,0,0
"373","Middle East & North Africa","High income",1962,2343382,1.226411801,3.1388853617492,40.2782455938095
"374","Middle East & North Africa","High income",1963,2419604.5,1.405505164,6.49365367928596,60.7631290062574
"375","Middle East & North Africa","High income",1964,2499327,1.529612038,10.002466919403,74.9586011442917
"376","Middle East & North Africa","High income",1965,2581217.5,1.1776091175,13.6066999858499,34.6961443647869
"377","Middle East & North Africa","High income",1966,2665202,1.2967283735,17.3030959288348,48.3211276163301
"378","Middle East & North Africa","High income",1967,2753198,3.2907750965,21.1760493595142,276.402246622559
"379","Middle East & North Africa","High income",1968,2847693,3.737310015,25.3350422050078,327.477370746838
"380","Middle East & North Africa","High income",1969,2951964,4.22469645,29.9243045256858,383.225133425143
"381","Middle East & North Africa","High income",1970,3069519.5,4.9765889445,35.0982553532261,469.227371757823
"382","Middle East & North Africa","High income",1971,3201847,5.991846897,40.9223637797254,585.353622569938
"383","Middle East & North Africa","High income",1972,3348172,6.889112366,47.3625418644585,687.983771530178
"384","Middle East & North Africa","High income",1973,3508147.5,8.4196235325,54.4035171536724,863.045215918836
"385","Middle East & North Africa","High income",1974,3680665,8.229515058,61.996501419744,841.300412702142
"386","Middle East & North Africa","High income",1975,3866462.5,6.7059572735,70.1739761349205,667.03430331198
"387","Middle East & North Africa","High income",1976,4062193.5,7.741355163,78.7886523467974,785.464180872
"388","Middle East & North Africa","High income",1977,4269287,8.4862770215,87.9034243966226,870.669110675884
"389","Middle East & North Africa","High income",1978,4495011,8.1395125995,97.8381775693428,831.005838752988
"390","Middle East & North Africa","High income",1979,4746481.5,8.9693560915,108.906107198981,925.924192506827
"391","Middle East & North Africa","High income",1980,5028622,10.3113101375,121.323910478774,1079.41827914795
"392","Middle East & North Africa","High income",1981,5342821.5,10.2575982745,135.152721236567,1073.2746609089
"393","Middle East & North Africa","High income",1982,5686989,9.1688195815,150.300508634328,948.739032036587
"394","Middle East & North Africa","High income",1983,6047180.5,8.3540245125,166.153557700497,855.541932412619
"395","Middle East & North Africa","High income",1984,6407780,8.299266459,182.024564003355,849.278649826094
"396","Middle East & North Africa","High income",1985,6762783.5,8.3272886195,197.649274481424,852.483853420419
"397","Middle East & North Africa","High income",1986,7105566.5,9.5566952085,212.736126109096,993.104645951744
"398","Middle East & North Africa","High income",1987,7435072.5,9.2576057655,227.238619326168,958.894487255082
"399","Middle East & North Africa","High income",1988,7751274,9.5807749175,241.155543779677,995.858907880874
"400","Middle East & North Africa","High income",1989,8053333,9.5602995355,254.450016713874,993.516912588199
"401","Middle East & North Africa","High income",1990,8340492.5,9.7496197955,267.088720412647,1015.17155901814
"402","Middle East & North Africa","High income",1991,8615837,10.789446086,279.207412465623,1134.10796164793
"403","Middle East & North Africa","High income",1992,8873225.5,10.993056804,290.535810052928,1157.39716538997
"404","Middle East & North Africa","High income",1993,9115529,12.3804536385,301.200274023911,1316.08904500771
"405","Middle East & North Africa","High income",1994,9342943.5,11.6911714055,311.209430894237,1237.24823290416
"406","Middle East & North Africa","High income",1995,9556630,9.1225003615,320.614379565369,943.440991921859
"407","Middle East & North Africa","High income",1996,9755741.5,9.7208669125,329.377841166041,1011.88277463127
"408","Middle East & North Africa","High income",1997,9944183.5,8.8384091905,337.671707823435,910.946351032007
"409","Middle East & North Africa","High income",1998,10133872.5,8.0066002695,346.020458486104,815.803189483809
"410","Middle East & North Africa","High income",1999,10340992,8.606974398,355.136374869639,884.474600976442
"411","Middle East & North Africa","High income",2000,10577199.5,9.796367855,365.532536598323,1020.51865023679
"412","Middle East & North Africa","High income",2001,10848310,10.138590548,377.464878307812,1059.6624345165
"413","Middle East & North Africa","High income",2002,11151138.5,10.353337754,390.793219118559,1084.22544123193
"414","Middle East & North Africa","High income",2003,11477503.5,10.4929678835,405.157468020824,1100.19647933049
"415","Middle East & North Africa","High income",2004,11815079,11.7279263125,420.015122810114,1241.45229704209
"416","Middle East & North Africa","High income",2005,12154744,11.658516487,434.964742418184,1233.51312967582
"417","Middle East & North Africa","High income",2006,12491804.5,11.9789249255,449.799730597437,1270.16177704661
"418","Middle East & North Africa","High income",2007,12829646.5,11.027411894,464.66911480726,1161.32673598648
"419","Middle East & North Africa","High income",2008,13175074.5,11.417656571,479.872380383567,1205.9633242819
"420","Middle East & North Africa","High income",2009,13536984.5,11.6981853755,495.801065506723,1238.05049802053
"421","Middle East & North Africa","High income",2010,13920092,12.5379078085,512.662712700278,1334.09881522602
"422","Middle East & North Africa","High income",2011,14327144,11.892187474,530.578225222039,1260.24065796265
"423","Middle East & North Africa","High income",2012,14752906,12.907434163,549.31721788708,1376.36562044403
"424","Middle East & North Africa","High income",2013,15183925,11.660612199,568.287586025837,1233.75283937397
"425","Middle East & North Africa","Lower middle income",1961,16502606.5,0.5613438075,0,20.8313543532242
"426","Middle East & North Africa","Lower middle income",1962,16928987.5,0.6893144365,2.5837191234003,48.3775109383825
"427","Middle East & North Africa","Lower middle income",1963,17363656.5,0.6360474325,5.21766061621842,36.9115890743409
"428","Middle East & North Africa","Lower middle income",1964,17807220.5,0.752146737,7.90550268528794,61.9023986544437
"429","Middle East & North Africa","Lower middle income",1965,18259803.5,0.7958973345,10.6479967270625,71.319878421846
"430","Middle East & North Africa","Lower middle income",1966,18723102,0.720423828,13.4554229357647,55.0739238279995
"431","Middle East & North Africa","Lower middle income",1967,19196329.5,0.5631013215,16.3230153975979,21.2096658159631
"432","Middle East & North Africa","Lower middle income",1968,19674333,1.3182889775,19.2195487421942,183.76663366016
"433","Middle East & North Africa","Lower middle income",1969,20150222.5,0.672368527,22.1032719891855,44.7298405298474
"434","Middle East & North Africa","Lower middle income",1970,20620041.5,0.512174686,24.9502101380167,10.2475170260381
"435","Middle East & North Africa","Lower middle income",1971,21081968,0.4778792375,27.7493225085383,2.86529344925761
"436","Middle East & North Africa","Lower middle income",1972,21540468.5,0.464568001,30.5276745222035,0
"437","Middle East & North Africa","Lower middle income",1973,22005759.5,0.5267616535,33.347174581179,13.3874163451047
"438","Middle East & North Africa","Lower middle income",1974,22491794,0.509564005,36.2923729654464,9.68555817515293
"439","Middle East & North Africa","Lower middle income",1975,23009197,0.5557110845,39.4276534437151,19.6188896574476
"440","Middle East & North Africa","Lower middle income",1976,23561950,0.612676978,42.7771425077608,31.8810113226029
"441","Middle East & North Africa","Lower middle income",1977,24149174.5,0.6664621585,46.3355167560955,43.4584726165847
"442","Middle East & North Africa","Lower middle income",1978,24770709.5,0.6740240565,50.1018005852591,45.0861994474734
"443","Middle East & North Africa","Lower middle income",1979,25424684,0.7051234,54.0646563923099,51.7804494675043
"444","Middle East & North Africa","Lower middle income",1980,26109819.5,0.717269583,58.216336916232,54.3949607928334
"445","Middle East & North Africa","Lower middle income",1981,26825261.5,0.81458912,62.5516641871089,75.3433551700863
"446","Middle East & North Africa","Lower middle income",1982,27572120.5,0.948664716,67.0773674449548,104.203628738519
"447","Middle East & North Africa","Lower middle income",1983,28352826.5,0.9471064565,71.8081716364018,103.868207552246
"448","Middle East & North Africa","Lower middle income",1984,29170560.5,1.031780371,76.7633525043453,122.094584383568
"449","Middle East & North Africa","Lower middle income",1985,30026442,1.076342899,81.949693825639,131.68683522824
"450","Middle East & North Africa","Lower middle income",1986,30920218,1.126469732,87.3656625091315,142.476823538262
"451","Middle East & North Africa","Lower middle income",1987,31847407,1.1133736965,92.9841022386373,139.657852909245
"452","Middle East & North Africa","Lower middle income",1988,32799400,1.117690122,98.7528454974673,140.586979644343
"453","Middle East & North Africa","Lower middle income",1989,33764920,1.078141277,104.603557625882,132.073942819837
"454","Middle East & North Africa","Lower middle income",1990,34734627,1.059352777,110.479641503904,128.029647913697
"455","Middle East & North Africa","Lower middle income",1991,35707002,1.063916561,116.371892524978,129.0120194912
"456","Middle East & North Africa","Lower middle income",1992,36680559.5,1.209973234,122.271309080781,160.451264700859
"457","Middle East & North Africa","Lower middle income",1993,37646420,1.09029057,128.124084519618,134.6891235843
"458","Middle East & North Africa","Lower middle income",1994,38594215.5,1.0634075285,133.867392402527,128.902448341465
"459","Middle East & North Africa","Lower middle income",1995,39517519.5,1.118354238,139.462290396369,140.729933097566
"460","Middle East & North Africa","Lower middle income",1996,40411452.5,1.207293998,144.879210444726,159.874549129784
"461","Middle East & North Africa","Lower middle income",1997,41280035.5,1.224901543,150.142518395503,163.664639054639
"462","Middle East & North Africa","Lower middle income",1998,42137133,1.268174294,155.336228249762,172.979260575461
"463","Middle East & North Africa","Lower middle income",1999,43002381,1.3133521495,160.579327271725,182.703962966231
"464","Middle East & North Africa","Lower middle income",2000,43890356.5,1.4203097065,165.960146962239,205.726977200911
"465","Middle East & North Africa","Lower middle income",2001,44808537.5,1.322519341,171.524001375177,184.677235227831
"466","Middle East & North Africa","Lower middle income",2002,45754648.5,1.292733687,177.257101779649,178.265761786723
"467","Middle East & North Africa","Lower middle income",2003,46722014,1.4445684505,183.11899698996,210.948762590302
"468","Middle East & North Africa","Lower middle income",2004,47699483.5,1.4726132215,189.042118891946,216.985504453631
"469","Middle East & North Africa","Lower middle income",2005,48680538,1.575806764,194.98696463495,239.198300487338
"470","Middle East & North Africa","Lower middle income",2006,49659791,1.6338321275,200.920893920606,251.688477033096
"471","Middle East & North Africa","Lower middle income",2007,50644429,1.6707736815,206.887454415156,259.640284716898
"472","Middle East & North Africa","Lower middle income",2008,51655136,1.72615943,213.011983894787,271.562274260039
"473","Middle East & North Africa","Lower middle income",2009,52719975.5,1.7879973025,219.464537314151,284.873107629296
"474","Middle East & North Africa","Lower middle income",2010,53857192.5,1.701396562,226.355672965965,266.231974293899
"475","Middle East & North Africa","Lower middle income",2011,55074883.5,1.66953381,233.734452796896,259.373397738602
"476","Middle East & North Africa","Lower middle income",2012,56361613,1.6031061795,241.531581692868,245.074601791181
"477","Middle East & North Africa","Lower middle income",2013,57691877.5,1.6814427945,249.592517400206,261.93685119953
"478","Middle East & North Africa","Upper middle income",1961,8944661,1.1122761404,0,2.1261723321957
"479","Middle East & North Africa","Upper middle income",1962,9182378.8,1.0891195812,2.65765018931405,0
"480","Middle East & North Africa","Upper middle income",1963,9429326.6,1.1651691018,5.41849042685911,6.98266029853289
"481","Middle East & North Africa","Upper middle income",1964,9687057.2,1.1064397978,8.29988078922164,1.59029521633578
"482","Middle East & North Africa","Upper middle income",1965,9956702.8,1.43099725,11.3144791065866,31.3902784139935
"483","Middle East & North Africa","Upper middle income",1966,10239281.2,1.9025070428,14.4736642338933,74.6830261470282
"484","Middle East & North Africa","Upper middle income",1967,10534688.4,3.3523849816,17.7762734663728,207.806878093801
"485","Middle East & North Africa","Upper middle income",1968,10841577,4.5791636542,21.2072430693572,320.446361744286
"486","Middle East & North Africa","Upper middle income",1969,11157935.4,5.0959618958,24.744083649453,367.897371763827
"487","Middle East & North Africa","Upper middle income",1970,11482588.4,4.7084121526,28.3736566427727,332.31360760333
"488","Middle East & North Africa","Upper middle income",1971,11815796.2,3.9039286948,32.0988710472091,258.448122886435
"489","Middle East & North Africa","Upper middle income",1972,12159092.2,3.4149698336,35.9368700501897,213.553249114974
"490","Middle East & North Africa","Upper middle income",1973,12514207.8,3.6617666586,39.9070104501445,236.213462856433
"491","Middle East & North Africa","Upper middle income",1974,12883460.6,3.1526433536,44.035202675652,189.467144657008
"492","Middle East & North Africa","Upper middle income",1975,13269014.2,3.1774590218,48.3456354578446,191.745651868553
"493","Middle East & North Africa","Upper middle income",1976,13669845,3.9655528678,52.8268650986326,264.106286972705
"494","Middle East & North Africa","Upper middle income",1977,14086735.8,3.9482387988,57.4876431873718,262.516556212294
"495","Middle East & North Africa","Upper middle income",1978,14525606,4.1126825808,62.3941477491433,277.615337359798
"496","Middle East & North Africa","Upper middle income",1979,14994102.8,4.3207800796,67.6318733599854,296.722284144348
"497","Middle East & North Africa","Upper middle income",1980,15496810,4.1263801128,73.2520662325828,278.873007521683
"498","Middle East & North Africa","Upper middle income",1981,16034272.2,3.6913752492,79.2608149151768,238.932043176821
"499","Middle East & North Africa","Upper middle income",1982,16602014.4,3.6970969704,85.6080895631483,239.457396067245
"500","Middle East & North Africa","Upper middle income",1983,17193030.2,3.9398492738,92.2155596506117,261.746252827357
"501","Middle East & North Africa","Upper middle income",1984,17797599.4,3.8976992336,98.9745547651275,257.876150689118
"502","Middle East & North Africa","Upper middle income",1985,18407073.2,4.1220143662,105.788382589346,278.472156533843
"503","Middle East & North Africa","Upper middle income",1986,19021272,4.1431357518,112.65503522157,280.411464757163
"504","Middle East & North Africa","Upper middle income",1987,19637480.8,4.1572898538,119.544159359421,281.711055935609
"505","Middle East & North Africa","Upper middle income",1988,20241584,4.4612384054,126.297944662185,309.618785889845
"506","Middle East & North Africa","Upper middle income",1989,20816099,4.517775474,132.720938222253,314.809865875543
"507","Middle East & North Africa","Upper middle income",1990,21349446.8,4.2196332106,138.683688515417,287.43525352384
"508","Middle East & North Africa","Upper middle income",1991,21833876.6,4.4294163478,144.09954273281,306.696971045148
"509","Middle East & North Africa","Upper middle income",1992,22274577,4.3857640634,149.026508662542,302.688936927177
"510","Middle East & North Africa","Upper middle income",1993,22689107.4,4.5439454038,153.660897824971,317.212717706668
"511","Middle East & North Africa","Upper middle income",1994,23102852,4.9373612606,158.286501858483,353.335092475335
"512","Middle East & North Africa","Upper middle income",1995,23534104.2,5.0883608964,163.10783829594,367.199468656473
"513","Middle East & North Africa","Upper middle income",1996,23989448.2,4.8750918446,168.19851752906,347.617683930408
"514","Middle East & North Africa","Upper middle income",1997,24463325.2,4.8554013066,173.496392987951,345.809752245046
"515","Middle East & North Africa","Upper middle income",1998,24947213,5.1451399624,178.906187724722,372.412768185753
"516","Middle East & North Africa","Upper middle income",1999,25427447.6,5.1434076438,184.275140220518,372.253711399896
"517","Middle East & North Africa","Upper middle income",2000,25894408.8,5.0071840068,189.495698048255,359.746027271225
"518","Middle East & North Africa","Upper middle income",2001,26348128.2,5.1565803422,194.568214491304,373.463192766991
"519","Middle East & North Africa","Upper middle income",2002,26793605.4,5.0895353894,199.548584345455,367.307307411764
"520","Middle East & North Africa","Upper middle income",2003,27232253.8,5.2323176868,204.45260921571,380.417189913618
"521","Middle East & North Africa","Upper middle income",2004,27666566.2,5.3322169012,209.308158240989,389.589664279557
"522","Middle East & North Africa","Upper middle income",2005,28099642.8,5.428407729,214.149891203255,398.421644666322
"523","Middle East & North Africa","Upper middle income",2006,28528498.4,5.2672070012,218.944434003703,383.620631941678
"524","Middle East & North Africa","Upper middle income",2007,28955688,4.9671975612,223.720351168144,356.074580509066
"525","Middle East & North Africa","Upper middle income",2008,29396359.8,5.5412392116,228.646997354064,408.78152475182
"526","Middle East & North Africa","Upper middle income",2009,29870437.2,5.9044423736,233.947113255606,442.129851994254
"527","Middle East & North Africa","Upper middle income",2010,30390826,5.926328653,239.764983826665,444.139390687506
"528","Middle East & North Africa","Upper middle income",2011,30964012.4,5.3063245854,246.173123833312,387.21230221143
"529","Middle East & North Africa","Upper middle income",2012,31582130.8,5.9217755724,253.083597019496,443.721339200912
"530","Middle East & North Africa","Upper middle income",2013,32225832.6,5.7877676154,260.280088870892,431.417092788195
"531","North America","High income",1961,100981000,13.154576584,0,0
"532","North America","High income",1962,102576000,13.5722824915,1.57950505540647,3.17536565949268
"533","North America","High income",1963,104103000,13.8074322755,3.09167071033165,4.96295481143856
"534","North America","High income",1964,105607000,14.63674449,4.58105980332935,11.2673174733938
"535","North America","High income",1965,106990500,15.1328633615,5.951119517533,15.0387719807432
"536","North America","High income",1966,108304000,15.5279955785,7.25185926065299,18.0425343175759
"537","North America","High income",1967,109562000,16.2043362385,8.49763816955664,23.1840199114386
"538","North America","High income",1968,110725000,16.8610171775,9.64933997484676,28.1760539370622
"539","North America","High income",1969,111852500,17.2382971365,10.7658866519444,31.0441048894501
"540","North America","High income",1970,113188000,18.562700513,12.0884126716907,41.1121094963857
"541","North America","High income",1971,114653267.5,18.635146871,13.5394455392599,41.6628407003693
"542","North America","High income",1972,115944815.5,19.539033495,14.818446539448,48.534111837286
"543","North America","High income",1973,117139204,19.7852669795,16.0012319149147,50.4059583610236
"544","North America","High income",1974,118314043.5,19.3131867195,17.1646582030283,46.8172433842588
"545","North America","High income",1975,119591000,18.756918705,18.4292094552441,42.5885400812837
"546","North America","High income",1976,120776500,19.068431911,19.6031926798111,44.9566376328149
"547","North America","High income",1977,122017500,19.342300332,20.8321367385944,47.0385626514666
"548","North America","High income",1978,123310500,19.638034882,22.1125756330399,49.2867121689487
"549","North America","High income",1979,124666000,19.994882389,23.4549073588101,51.9994373161346
"550","North America","High income",1980,125909000,19.40462835,24.6858319881958,47.5123750741014
"551","North America","High income",1981,127183000,18.5179889345,25.9474554619186,40.7722157855203
"552","North America","High income",1982,128433000,17.52497224,27.1853120884127,33.2233852461336
"553","North America","High income",1983,129624000,17.3130964545,28.3647418821362,31.6127231001721
"554","North America","High income",1984,130763500,17.767802552,29.4931719828483,35.0693611348243
"555","North America","High income",1985,131933000,17.576208295,30.6513106425961,33.6128774861371
"556","North America","High income",1986,133168500,17.089203386,31.8748081322229,29.910706565696
"557","North America","High income",1987,134419500,17.7985044995,33.1136550440182,35.3027547929474
"558","North America","High income",1988,135697000,18.4836188445,34.3787445162951,40.51093721239
"559","North America","High income",1989,137099000,18.4982762845,35.7671245085709,40.6223618554137
"560","North America","High income",1990,138707000,17.4912192745,37.3595032728929,32.966798002261
"561","North America","High income",1991,140576341,17.1057482,39.2106841881146,30.0364788693072
"562","North America","High income",1992,142516798.5,17.306309861,41.1322907279587,31.5611319793431
"563","North America","High income",1993,144376205,17.4102629845,42.9736336538557,32.3513750011249
"564","North America","High income",1994,146118953,17.5365426195,44.6994513819431,33.3113423113125
"565","North America","High income",1995,147816000,17.614441771,46.3800120814807,33.9035251991657
"566","North America","High income",1996,149532950,17.84263103,48.0802824293679,35.6382010174475
"567","North America","High income",1997,151322100,18.115567399,49.8520513760014,37.7130406541103
"568","North America","High income",1998,153050950,18.1793436705,51.5641061189729,38.1978625797174
"569","North America","High income",1999,154769600,18.3243397945,53.2660599518721,39.3001110867226
"570","North America","High income",2000,156466055.5,18.789033186,54.946034897654,42.832671701902
"571","North America","High income",2001,158025427.5,18.3206113655,56.4902580683495,39.2717678787433
"572","North America","High income",2002,159493596.5,18.0992868085,57.9441642487201,37.5892769556284
"573","North America","High income",2003,160891966.5,18.5200504025,59.3289495053525,40.7878868942544
"574","North America","High income",2004,162400149,18.473595785,60.8224804666224,40.4347427454986
"575","North America","High income",2005,163914299.5,18.3431237475,62.3219214505699,39.442905139272
"576","North America","High income",2006,165475208.5,17.813701586,63.8676666897733,35.4182817838996
"577","North America","High income",2007,167059567.5,17.8419578165,65.4366341192898,35.6330833042646
"578","North America","High income",2008,168669869.5,17.352199004,67.0312925203751,31.9099774378568
"579","North America","High income",2009,170200050,16.0148408945,68.5466077777008,21.7434920252694
"580","North America","High income",2010,171676733.5,15.985183292,70.0089457422684,21.5180373912064
"581","North America","High income",2011,173003069,15.7519055935,71.3223962923718,19.7446796779392
"582","North America","High income",2012,174374462,15.07564331,72.6804666224339,14.603789895728
"583","North America","High income",2013,175680179.5,14.9668017125,73.9734994701974,13.7763851001044
"584","South Asia","Low income",1961,9694261.5,0.0307483415,0,0
"585","South Asia","Low income",1962,9865036,0.0411199855,1.76160401697438,33.7307428434799
"586","South Asia","Low income",1963,10043110.5,0.041807704,3.59851031458147,35.9673464014311
"587","South Asia","Low income",1964,10229779,0.0501533215,5.52406699571699,63.109029799217
"588","South Asia","Low income",1965,10426069,0.058965673,7.54887311426455,91.7686292120829
"589","South Asia","Low income",1966,10631107.5,0.0624002055,9.66392334269093,102.938443037651
"590","South Asia","Low income",1967,10844728,0.071264037,11.8675001700749,131.765466114652
"591","South Asia","Low income",1968,11069305,0.06871719,14.1840974683837,123.482590109779
"592","South Asia","Low income",1969,11307950.5,0.060403777,16.6458167030052,96.4456424422111
"593","South Asia","Low income",1970,11562026,0.084620032,19.2667022650462,175.201938940349
"594","South Asia","Low income",1971,11830796.5,0.091107503,22.039172349539,196.300543559398
"595","South Asia","Low income",1972,12110684.5,0.076090054,24.926323681283,147.460676862848
"596","South Asia","Low income",1973,12396389.5,0.084657966,27.8734795837723,175.325308195891
"597","South Asia","Low income",1974,12680972.5,0.094134493,30.8090616288822,206.144944435458
"598","South Asia","Low income",1975,12958050,0.0976729735,33.6672215825826,217.652818770729
"599","South Asia","Low income",1976,13230704.5,0.0877583605,36.4797566065244,185.408435768804
"600","South Asia","Low income",1977,13496899,0.1035943205,39.2256542697966,236.910270428732
"601","South Asia","Low income",1978,13739568.5,0.093166776,41.7288825971942,202.997727535971
"602","South Asia","Low income",1979,13936693,0.101810045,43.76229690111,231.107435501847
"603","South Asia","Low income",1980,14075266.5,0.084638607,45.1917353374468,175.262348702612
"604","South Asia","Low income",1981,14151482,0.0908958675,45.9779272510856,195.612260908446
"605","South Asia","Low income",1982,14178440.5,0.096616726,46.2560144473099,214.21768227727
"606","South Asia","Low income",1983,14181844.5,0.11731272,46.2911280039227,281.525358042482
"607","South Asia","Low income",1984,14197178.5,0.139028498,46.4493040547751,352.149583417369
"608","South Asia","Low income",1985,14253503,0.1691959965,47.0303127267611,450.26056120783
"609","South Asia","Low income",1986,14351088.5,0.1560308595,48.0369443304165,407.44479828286
"610","South Asia","Low income",1987,14491841,0.1607686445,49.4888599817531,422.85306022115
"611","South Asia","Low income",1988,14707277.5,0.152035752,51.711169540867,394.451877998038
"612","South Asia","Low income",1989,15035561.5,0.1428037745,55.0975440470633,364.427567581165
"613","South Asia","Low income",1990,15499260,0.123642532,59.8807707013061,302.111222811806
"614","South Asia","Low income",1991,16119355.5,0.1187974245,66.27729198351,286.35392578816
"615","South Asia","Low income",1992,16877501.5,0.0834919895,74.0978567578356,171.533310178697
"616","South Asia","Low income",1993,17708137,0.080667451,82.6661783365344,162.347323675978
"617","South Asia","Low income",1994,18519924.5,0.0807012935,91.0400756158682,162.457386522782
"618","South Asia","Low income",1995,19247962.5,0.0839083965,98.5500649017978,172.887552325383
"619","South Asia","Low income",1996,19863131.5,0.089776743,104.895767459956,191.972635337096
"620","South Asia","Low income",1997,20385704,0.091978668,110.286301849811,199.133753279018
"621","South Asia","Low income",1998,20860152,0.076857784,115.180413691131,149.957494455433
"622","South Asia","Low income",1999,21354835,0.090239216,120.283257265136,193.476693694195
"623","South Asia","Low income",2000,21917333.5,0.083894308,126.085643553147,172.841733593989
"624","South Asia","Low income",2001,22564120,0.082829086,132.757492667183,169.37741016048
"625","South Asia","Low income",2002,23273132.5,0.073541905,140.071226673636,139.173566483252
"626","South Asia","Low income",2003,24007737,0.079209093,147.648951908302,157.604440226475
"627","South Asia","Low income",2004,24714214,0.072427636,154.936531266461,135.549732007497
"628","South Asia","Low income",2005,25355542.5,0.0866128065,161.552079031497,181.68285596802
"629","South Asia","Low income",2006,25917034,0.0812700175,167.344077730934,164.306995224442
"630","South Asia","Low income",2007,26415819.5,0.092576887,172.489240155117,201.079285853515
"631","South Asia","Low income",2008,26884945,0.141864137,177.32844838155,361.371671054193
"632","South Asia","Low income",2009,27372717,0.2020359505,182.360002358096,557.062919962691
"633","South Asia","Low income",2010,27913152,0.2406099465,187.934795239431,682.513575569596
"634","South Asia","Low income",2011,28517873,0.307439148,194.172722697856,899.85603451165
"635","South Asia","Low income",2012,29173441.5,0.438868685,200.93516148703,1327.29221672005
"636","South Asia","Low income",2013,29858499,0.451292654,208.001790543818,1367.69754719942
"637","South Asia","Lower middle income",1961,171549285,0.277625708,0,0
"638","South Asia","Lower middle income",1962,175138299.333333,0.297967611666667,2.09211850304905,7.32709654779762
"639","South Asia","Lower middle income",1963,178806428.333333,0.315125261,4.2303547539317,13.5072336312601
"640","South Asia","Lower middle income",1964,182646479.666667,0.300568547,6.46880846321607,8.26394614723505
"641","South Asia","Lower middle income",1965,186570528.666667,0.321485670333333,8.75622633266391,15.7982352028197
"642","South Asia","Lower middle income",1966,190597343.333333,0.320068293,11.1035486585289,15.2876998696389
"643","South Asia","Lower middle income",1967,194727902.666667,0.328803463333333,13.5113461222917,18.4340836812322
"644","South Asia","Lower middle income",1968,199000571.333333,0.357743218666667,16.0019823652039,28.8581022427025
"645","South Asia","Lower middle income",1969,203433170,0.376374681333333,18.5858454612621,35.5691027479823
"646","South Asia","Lower middle income",1970,208061090.666667,0.352979737333333,21.2835662163597,27.1423096499887
"647","South Asia","Lower middle income",1971,212867317.333333,0.334061603666667,24.0852256150956,20.3280510559442
"648","South Asia","Lower middle income",1972,217870258,0.320005278333333,27.0015541014933,15.2650021637526
"649","South Asia","Lower middle income",1973,223069802.333333,0.325939366666667,30.0324873597307,17.4024441089104
"650","South Asia","Lower middle income",1974,228401696,0.311059828666667,33.1405700699948,12.0428763270968
"651","South Asia","Lower middle income",1975,233861873.666667,0.322744982333333,36.3234324565484,16.2518358470367
"652","South Asia","Lower middle income",1976,239433984.666667,0.317100197333333,39.5715433420003,14.2186001497143
"653","South Asia","Lower middle income",1977,245124420.333333,0.327374207666667,42.8886283806623,17.9192698057583
"654","South Asia","Lower middle income",1978,250962407,0.341889323,46.2917242703751,23.1475735669263
"655","South Asia","Lower middle income",1979,256985162,0.358132356666667,49.802525845561,28.9982686569742
"656","South Asia","Lower middle income",1980,263199553.666667,0.364229375666667,53.4250368147362,31.1943977704928
"657","South Asia","Lower middle income",1981,269553992.333333,0.391040835,57.1291843818138,40.8518100924573
"658","South Asia","Lower middle income",1982,276136625.333333,0.408370293666667,60.9663516425226,47.0938324150682
"659","South Asia","Lower middle income",1983,282861902.333333,0.430807376333333,64.8866693518036,55.1756065520177
"660","South Asia","Lower middle income",1984,289685717,0.412448559666667,68.8644269196459,48.5628123699073
"661","South Asia","Lower middle income",1985,296572386.333333,0.435782073333333,72.8788239096032,56.9674784344299
"662","South Asia","Lower middle income",1986,303509632,0.440650004666667,76.9227030004818,58.7208936236794
"663","South Asia","Lower middle income",1987,310496404.666667,0.463892485,80.9954525118928,67.092769737304
"664","South Asia","Lower middle income",1988,317519052.333333,0.47208807,85.0891143809392,70.0447964278582
"665","South Asia","Lower middle income",1989,324566508,0.489683276333333,89.1972374003191,76.3825403133536
"666","South Asia","Lower middle income",1990,331630031.333333,0.524951451666667,93.3147266299206,89.0860379783945
"667","South Asia","Lower middle income",1991,338697098.333333,0.532933719,97.4342815438335,91.9612282447561
"668","South Asia","Lower middle income",1992,345764080.333333,0.56913926,101.553786909303,105.002362389293
"669","South Asia","Lower middle income",1993,352845125.666667,0.578584972666667,105.681490113274,108.404681553002
"670","South Asia","Lower middle income",1994,359961935,0.609505269333333,109.830040970442,119.542085538178
"671","South Asia","Lower middle income",1995,367128647.666667,0.619806480333333,114.007681621446,123.252552797932
"672","South Asia","Lower middle income",1996,374347185.333333,0.679713766333333,118.215532249717,144.83098889867
"673","South Asia","Lower middle income",1997,381605101.666667,0.689815207333333,122.44633760302,148.469499565701
"674","South Asia","Lower middle income",1998,388884102,0.694890949333333,126.689433301923,150.297767573215
"675","South Asia","Lower middle income",1999,396158932.666667,0.722961458666667,130.930098406803,160.408686167733
"676","South Asia","Lower middle income",2000,403409732.333333,0.765716667666667,135.156755292412,175.808992323819
"677","South Asia","Lower middle income",2001,410625430.666667,0.763999937333333,139.362950808374,175.190630881105
"678","South Asia","Lower middle income",2002,417800085,0.779939314,143.545220838431,180.931949572912
"679","South Asia","Lower middle income",2003,424938083,0.792622487666667,147.706123053792,185.500393092799
"680","South Asia","Lower middle income",2004,432048025.666667,0.845825170666667,151.850671173982,204.663850030296
"681","South Asia","Lower middle income",2005,439133780.333333,0.860322887666667,155.981119556012,209.88588696068
"682","South Asia","Lower middle income",2006,446197237.333333,0.888461562333333,160.098570118397,220.021358516746
"683","South Asia","Lower middle income",2007,453227404.333333,0.937457652,164.196615178742,237.669612354487
"684","South Asia","Lower middle income",2008,460202836.333333,0.966052269333333,168.262753956295,247.969313178063
"685","South Asia","Lower middle income",2009,467095904,1.01416954933333,172.280880681024,265.301022242988
"686","South Asia","Lower middle income",2010,473886624.333333,1.00789142033333,176.2393468054,263.039657816319
"687","South Asia","Lower middle income",2011,480563764.666667,1.05407814233333,180.131604551232,279.675985313771
"688","South Asia","Lower middle income",2012,487134128.333333,1.10302205933333,183.961619737053,297.305446703564
"689","South Asia","Lower middle income",2013,493619934,1.071308205,187.7423441316,285.882205476447
"690","Sub-Saharan Africa","Low income",1961,7376819.33333333,0.077231144,0,0
"691","Sub-Saharan Africa","Low income",1962,7560197.44444444,0.0864251685555556,2.48586962517148,11.9045557004251
"692","Sub-Saharan Africa","Low income",1963,7751716.11111111,0.0992807494444444,5.08209244170787,28.5501473918921
"693","Sub-Saharan Africa","Low income",1964,7951179,0.106697592,7.78600695927758,38.1535821869996
"694","Sub-Saharan Africa","Low income",1965,8158431.33333333,0.118550903888889,10.5955150137426,53.5014215105876
"695","Sub-Saharan Africa","Low income",1966,8373036.22222222,0.125674035777778,13.5046941489718,62.7245554950963
"696","Sub-Saharan Africa","Low income",1967,8594972.11111111,0.126542666666667,16.5132521583301,63.8492713077857
"697","Sub-Saharan Africa","Low income",1968,8824937.66666667,0.167985865,19.6306601517239,117.510522697942
"698","Sub-Saharan Africa","Low income",1969,9063903.33333333,0.232747584111111,22.8700734526145,201.364931369023
"699","Sub-Saharan Africa","Low income",1970,9312270.22222222,0.231195339333333,26.2369295143673,199.355062425766
"700","Sub-Saharan Africa","Low income",1971,9571510.44444444,0.236452426666667,29.7511842427,206.162014985388
"701","Sub-Saharan Africa","Low income",1972,9840752.55555556,0.221826170555556,33.4010243559653,187.223727458389
"702","Sub-Saharan Africa","Low income",1973,10115307.8888889,0.215344489111111,37.1228903923573,178.831152767996
"703","Sub-Saharan Africa","Low income",1974,10388826.8888889,0.218488965222222,40.8307079169652,182.902665823806
"704","Sub-Saharan Africa","Low income",1975,10657355.2222222,0.200971395,44.4708720744355,160.220663052719
"705","Sub-Saharan Africa","Low income",1976,10918882.5555556,0.196439110333333,48.0161308304901,154.352195447647
"706","Sub-Saharan Africa","Low income",1977,11176493.4444444,0.190308088222222,51.5082983521323,146.413659523446
"707","Sub-Saharan Africa","Low income",1978,11437629.5555556,0.201180855888889,55.0482537083809,160.491876034996
"708","Sub-Saharan Africa","Low income",1979,11712656.5555556,0.222274740555556,58.7765136476917,187.804542369016
"709","Sub-Saharan Africa","Low income",1980,12009236.4444444,0.217868968666667,62.7969440728851,182.099885334687
"710","Sub-Saharan Africa","Low income",1981,12330701.8888889,0.211020723888889,67.1547225397082,173.232679149345
"711","Sub-Saharan Africa","Low income",1982,12675669.3333333,0.123493295444444,71.8310935995993,59.9009014348466
"712","Sub-Saharan Africa","Low income",1983,13041386,0.136233822888889,76.7887406577848,76.3975202657737
"713","Sub-Saharan Africa","Low income",1984,13423053.1111111,0.131480121,81.9626115886682,70.2423584454479
"714","Sub-Saharan Africa","Low income",1985,13817526,0.129936981,87.3100773603511,68.2442784998756
"715","Sub-Saharan Africa","Low income",1986,14222813.7777778,0.125928646555556,92.8041495270154,63.0542292051967
"716","Sub-Saharan Africa","Low income",1987,14641096.4444444,0.129955996777778,98.4743801205259,68.2689004034147
"717","Sub-Saharan Africa","Low income",1988,15078089.2222222,0.129672385111111,104.398244567133,67.9016759237842
"718","Sub-Saharan Africa","Low income",1989,15541705.4444444,0.119052521444444,110.683015838774,54.1509231618328
"719","Sub-Saharan Africa","Low income",1990,16036762.4444444,0.108717307111111,117.393997599748,40.7687384652895
"720","Sub-Saharan Africa","Low income",1991,16567277.3333333,0.0963300236666667,124.585645719578,24.7295050642609
"721","Sub-Saharan Africa","Low income",1992,17129363.5555556,0.0919175391111111,132.205274136968,19.0161563722416
"722","Sub-Saharan Africa","Low income",1993,17710433.3333333,0.0941102641111111,140.082243214307,21.8553283518772
"723","Sub-Saharan Africa","Low income",1994,18293051.4444444,0.0887502938888889,147.980201464124,14.9151615427176
"724","Sub-Saharan Africa","Low income",1995,18865381.3333333,0.0927224827777778,155.738692800664,20.0584090503409
"725","Sub-Saharan Africa","Low income",1996,19422503.5555556,0.0940034912222222,163.291029343661,21.7170772741916
"726","Sub-Saharan Africa","Low income",1997,19970141.5555556,0.0889910927777778,170.714797979629,15.2269514197249
"727","Sub-Saharan Africa","Low income",1998,20520228.2222222,0.0901687364444444,178.171760686863,16.7517814373492
"728","Sub-Saharan Africa","Low income",1999,21090136.4444444,0.0889129747777778,185.897423963541,15.1258031057753
"729","Sub-Saharan Africa","Low income",2000,21692708.1111111,0.0908680187777778,194.065872171888,17.6572222959403
"730","Sub-Saharan Africa","Low income",2001,22331637.8888889,0.0973179134444444,202.727190131658,26.0086390076579
"731","Sub-Saharan Africa","Low income",2002,23003863.6666667,0.100238597888889,211.839867932241,29.7903833832746
"732","Sub-Saharan Africa","Low income",2003,23707315.3333333,0.100703824666667,221.375843193123,30.3927657301913
"733","Sub-Saharan Africa","Low income",2004,24437629.5555556,0.104661242777778,231.275966663983,35.5168878215474
"734","Sub-Saharan Africa","Low income",2005,25191503.3333333,0.108960074555556,241.49546294975,41.083077256444
"735","Sub-Saharan Africa","Low income",2006,25969298.1111111,0.115121716888889,252.039231783334,49.0612606863481
"736","Sub-Saharan Africa","Low income",2007,26772338.2222222,0.114101975222222,262.925225798159,47.7408844574699
"737","Sub-Saharan Africa","Low income",2008,27599231,0.111824497777778,274.134566035642,44.791973789457
"738","Sub-Saharan Africa","Low income",2009,28448221,0.106531216,285.643455729655,37.9381561407403
"739","Sub-Saharan Africa","Low income",2010,29318029,0.121393438777778,297.434553772001,57.1819767136659
"740","Sub-Saharan Africa","Low income",2011,30207807.4444444,0.127727197333333,309.49637071828,65.3830187124165
"741","Sub-Saharan Africa","Low income",2012,31117726.1111111,0.136148280222222,321.831208072302,76.286758386257
"742","Sub-Saharan Africa","Low income",2013,32048804.7777778,0.142421875444444,334.452889919103,84.4099000326144
"743","Sub-Saharan Africa","Lower middle income",1961,4305025,0.14421754425,0,0
"744","Sub-Saharan Africa","Lower middle income",1962,4438283.5,0.14854270525,3.09541756435794,2.99905328612611
"745","Sub-Saharan Africa","Lower middle income",1963,4577539.5,0.15755313075,6.33014906998217,9.24685451368028
"746","Sub-Saharan Africa","Lower middle income",1964,4722936,0.1798504985,9.70751621651442,24.707780482124
"747","Sub-Saharan Africa","Lower middle income",1965,4874648.75,0.183852186,13.2316014425003,27.4825382418755
"748","Sub-Saharan Africa","Lower middle income",1966,5032987.25,0.188750144,16.9095940209407,30.8787671996433
"749","Sub-Saharan Africa","Lower middle income",1967,5198293.5,0.19470143725,20.7494381565728,35.0053755682364
"750","Sub-Saharan Africa","Lower middle income",1968,5370794.25,0.20910650375,24.7564009500526,44.9938042125551
"751","Sub-Saharan Africa","Lower middle income",1969,5550705.75,0.245903238,28.9355056010128,70.5085461542242
"752","Sub-Saharan Africa","Lower middle income",1970,5738324.5,0.28325262225,33.2936394097595,96.4064938999265
"753","Sub-Saharan Africa","Lower middle income",1971,5933733,0.28419549225,37.8327187414707,97.0602770473954
"754","Sub-Saharan Africa","Lower middle income",1972,6137350.5,0.3100784085,42.5624822155504,115.007411277564
"755","Sub-Saharan Africa","Lower middle income",1973,6350164.25,0.31814127175,47.5058623352942,120.598175765983
"756","Sub-Saharan Africa","Lower middle income",1974,6573408.75,0.3401701765,52.6915348923642,135.872950318941
"757","Sub-Saharan Africa","Lower middle income",1975,6807968.25,0.324260953,58.140039837167,124.841543853982
"758","Sub-Saharan Africa","Lower middle income",1976,7054081.5,0.29996966675,63.8569230143843,107.998040952635
"759","Sub-Saharan Africa","Lower middle income",1977,7311530.25,0.314203829,69.8371147670455,117.867965117566
"760","Sub-Saharan Africa","Lower middle income",1978,7580142,0.42447200275,76.0766081497785,194.327576410663
"761","Sub-Saharan Africa","Lower middle income",1979,7859543.25,0.450943748,82.5667272547778,212.683002851784
"762","Sub-Saharan Africa","Lower middle income",1980,8149300,0.35255565975,89.2973908397745,144.461006171931
"763","Sub-Saharan Africa","Lower middle income",1981,8449871.75,0.275943653,96.2792724780925,91.3384771839228
"764","Sub-Saharan Africa","Lower middle income",1982,8761008.25,0.28035321725,103.506559195359,94.3960554230558
"765","Sub-Saharan Africa","Lower middle income",1983,9080749.5,0.28056302825,110.933722800681,94.5415377227934
"766","Sub-Saharan Africa","Lower middle income",1984,9406500.25,0.292034851,118.500479091294,102.496064205448
"767","Sub-Saharan Africa","Lower middle income",1985,9736605.75,0.25277550325,126.168390427466,75.2737536646829
"768","Sub-Saharan Africa","Lower middle income",1986,10068983,0.194090005,133.889071492035,34.5814103335073
"769","Sub-Saharan Africa","Lower middle income",1987,10404444,0.59757234425,141.681383964088,314.354818865944
"770","Sub-Saharan Africa","Lower middle income",1988,10747608.5,0.58001645575,149.65263848642,302.18161997305
"771","Sub-Saharan Africa","Lower middle income",1989,11104961.25,0.5155070105,157.95346716918,257.450969769928
"772","Sub-Saharan Africa","Lower middle income",1990,11480530,0.2941188795,166.677429283221,103.941123134192
"773","Sub-Saharan Africa","Lower middle income",1991,11877089.75,0.27981412175,175.888984384527,94.0222482674815
"774","Sub-Saharan Africa","Lower middle income",1992,12291491,0.28546818125,185.51497378064,97.942755671351
"775","Sub-Saharan Africa","Lower middle income",1993,12714714,0.27951499725,195.345880685943,93.8148362625444
"776","Sub-Saharan Africa","Lower middle income",1994,13134232.5,0.30472934675,205.09073698759,111.298388372051
"777","Sub-Saharan Africa","Lower middle income",1995,13541411,0.2998430245,214.548951515961,107.910227607415
"778","Sub-Saharan Africa","Lower middle income",1996,13932485.5,0.32446436325,223.633091561605,124.982587893428
"779","Sub-Saharan Africa","Lower middle income",1997,14311084.5,0.31673476725,232.427442349348,119.622909887401
"780","Sub-Saharan Africa","Lower middle income",1998,14684972.75,0.32451582125,241.112368685432,125.018268711783
"781","Sub-Saharan Africa","Lower middle income",1999,15065631.75,0.33100287025,249.954570530949,129.51636846361
"782","Sub-Saharan Africa","Lower middle income",2000,15461364,0.3383337775,259.146903908804,134.599596921094
"783","Sub-Saharan Africa","Lower middle income",2001,15875233,0.3487377875,268.760529845936,141.813705339113
"784","Sub-Saharan Africa","Lower middle income",2002,16304727,0.36637399825,278.737103733428,154.042599432212
"785","Sub-Saharan Africa","Lower middle income",2003,16746015,0.39422211475,288.987636541019,173.352397449383
"786","Sub-Saharan Africa","Lower middle income",2004,17192939.75,0.430555984,299.369103547598,198.546190228863
"787","Sub-Saharan Africa","Lower middle income",2005,17641372.25,0.436247812,309.785593579596,202.492886194046
"788","Sub-Saharan Africa","Lower middle income",2006,18090140.5,0.45684763075,320.209882637151,216.776736926028
"789","Sub-Saharan Africa","Lower middle income",2007,18541884.5,0.49045370925,330.703294405956,240.079088019834
"790","Sub-Saharan Africa","Lower middle income",2008,19000794,0.44942191225,341.363151201213,211.627766640465
"791","Sub-Saharan Africa","Lower middle income",2009,19472768.5,0.48075617475,352.326490554643,233.354847532706
"792","Sub-Saharan Africa","Lower middle income",2010,19962010.5,0.55389334525,363.690930946975,284.067935791383
"793","Sub-Saharan Africa","Lower middle income",2011,20469973,0.58438529775,375.490223634009,305.210961529738
"794","Sub-Saharan Africa","Lower middle income",2012,20995259.75,0.56103373375,387.691935586901,289.019059135726
"795","Sub-Saharan Africa","Lower middle income",2013,21535760.75,0.5324583465,400.247054314435,269.204973825506
"796","Sub-Saharan Africa","Upper middle income",1961,9265401,3.000488447,0,0
"797","Sub-Saharan Africa","Upper middle income",1962,9511342,3.066934375,2.65440211384267,2.21450371076868
"798","Sub-Saharan Africa","Upper middle income",1963,9764400,3.064760224,5.3856168772404,2.14204380837597
"799","Sub-Saharan Africa","Upper middle income",1964,10022273.5,3.3077838235,8.16880456658056,10.2415117381053
"800","Sub-Saharan Africa","Upper middle income",1965,10283473.5,3.4387246085,10.9878946415811,14.6054940467498
"801","Sub-Saharan Africa","Upper middle income",1966,10547021.5,3.33641686,13.8323263073018,11.1957909165047
"802","Sub-Saharan Africa","Upper middle income",1967,10813851,3.529738666,16.7121746808368,17.6388020933447
"803","Sub-Saharan Africa","Upper middle income",1968,11086672,3.6296373415,19.6566883613564,20.9682158626222
"804","Sub-Saharan Africa","Upper middle income",1969,11369285,3.619418162,22.7068855411655,20.6276319983444
"805","Sub-Saharan Africa","Upper middle income",1970,11664251,3.629601446,25.8904066861218,20.9670195407355
"806","Sub-Saharan Africa","Upper middle income",1971,11973018,3.8835423065,29.2228798300257,29.4303369300725
"807","Sub-Saharan Africa","Upper middle income",1972,12294271,4.0218837955,32.6901123869328,34.0409692135702
"808","Sub-Saharan Africa","Upper middle income",1973,12624678.5,3.950485878,36.2561480069778,31.6614260571422
"809","Sub-Saharan Africa","Upper middle income",1974,12959491,3.92357961,39.8697260917255,30.7646964587696
"810","Sub-Saharan Africa","Upper middle income",1975,13295428,3.934243354,43.4954407262028,31.1200967273713
"811","Sub-Saharan Africa","Upper middle income",1976,13630323.5,4.005669,47.1099146167554,33.5005640166693
"812","Sub-Saharan Africa","Upper middle income",1977,13965567,4.0496914865,50.7281444159837,34.9677413538797
"813","Sub-Saharan Africa","Upper middle income",1978,14303972.5,3.9891994685,54.3805011785243,32.9516690020437
"814","Sub-Saharan Africa","Upper middle income",1979,14655354,4.2067951515,58.172905846169,40.203677694747
"815","Sub-Saharan Africa","Upper middle income",1980,15021591,4.2339848025,62.1256435636191,41.1098518553969
"816","Sub-Saharan Africa","Upper middle income",1981,15404668,4.5908470775,66.2601327238832,53.0033245783732
"817","Sub-Saharan Africa","Upper middle income",1982,15801863.5,4.838807984,70.5470006101193,61.267342616767
"818","Sub-Saharan Africa","Upper middle income",1983,16205802,4.950240307,74.9066446233682,64.9811487176175
"819","Sub-Saharan Africa","Upper middle income",1984,16608586.5,5.2150247765,79.2538336980774,73.8058608995537
"820","Sub-Saharan Africa","Upper middle income",1985,17001770.5,5.2616128565,83.4974061025529,75.3585440984036
"821","Sub-Saharan Africa","Upper middle income",1986,17380953.5,5.292627357,87.5898679398765,76.3921924875853
"822","Sub-Saharan Africa","Upper middle income",1987,17749579.5,5.2230811015,91.5683897545287,74.0743613501405
"823","Sub-Saharan Africa","Upper middle income",1988,18119418.5,5.283051591,95.5600032853408,76.0730522486161
"824","Sub-Saharan Africa","Upper middle income",1989,18508195.5,5.242760428,99.7560116394315,74.7302321141049
"825","Sub-Saharan Africa","Upper middle income",1990,18926132.5,5.036770606,104.26673923773,67.8650224777886
"826","Sub-Saharan Africa","Upper middle income",1991,19381316.5,5.123231706,109.179467785582,70.7465899801213
"827","Sub-Saharan Africa","Upper middle income",1992,19865614.5,4.770394198,114.406419106955,58.9872543175301
"828","Sub-Saharan Africa","Upper middle income",1993,20358456.5,4.8610210755,119.725584462022,62.0076584650819
"829","Sub-Saharan Africa","Upper middle income",1994,20835670.5,4.891479538,124.876079297593,63.0227752714957
"830","Sub-Saharan Africa","Upper middle income",1995,21274633.5,5.1645002655,129.613737171224,72.121984694314
"831","Sub-Saharan Africa","Upper middle income",1996,21672106,5.1888693795,133.903594674424,72.9341562600591
"832","Sub-Saharan Africa","Upper middle income",1997,22034895,5.2719160795,137.819118676029,75.7019289566357
"833","Sub-Saharan Africa","Upper middle income",1998,22372225.5,5.268692845,141.459873134471,75.5945052968904
"834","Sub-Saharan Africa","Upper middle income",1999,22704498.5,5.2742901315,145.046042799443,75.7810511409711
"835","Sub-Saharan Africa","Upper middle income",2000,23041864.5,5.3509541385,148.687180403741,78.3361020386559
"836","Sub-Saharan Africa","Upper middle income",2001,23254612,5.302267135,150.983330349113,76.7134661125392
"837","Sub-Saharan Africa","Upper middle income",2002,23530052,5.0865720535,153.95611048027,69.524800489925
"838","Sub-Saharan Africa","Upper middle income",2003,23815782,5.618439555,157.039948945545,87.2508311310955
"839","Sub-Saharan Africa","Upper middle income",2004,24111352,6.054923435,160.229988966479,101.797925302927
"840","Sub-Saharan Africa","Upper middle income",2005,24417462,5.720754777,163.533785531786,90.6607833374537
"841","Sub-Saharan Africa","Upper middle income",2006,24733900,6.1139195065,166.949050559172,103.764140888892
"842","Sub-Saharan Africa","Upper middle income",2007,25061737.5,6.2690351185,170.48734857779,108.933819584209
"843","Sub-Saharan Africa","Upper middle income",2008,25400847,6.535354191,174.14730350041,117.809676872254
"844","Sub-Saharan Africa","Upper middle income",2009,25751621,6.48859201,177.933151517133,116.251191251462
"845","Sub-Saharan Africa","Upper middle income",2010,26114916,6.2159468665,181.854136696296,107.164499257277
"846","Sub-Saharan Africa","Upper middle income",2011,26490874.5,6.1565696585,185.911797017744,105.185581189475
"847","Sub-Saharan Africa","Upper middle income",2012,26881198.5,6.1158812295,190.124501896896,103.82952101065
"848","Sub-Saharan Africa","Upper middle income",2013,27285304.5,5.899659106,194.485953711016,96.6232901812603
